{
  "states": {
    "boolean": {
      "door_open": ["true", "false"],
      "elevator_moving": ["true", "false"]
    },
    "integer": {
      "elevator_floor": ["0", "1", "2", "3"]
    }
  },
  "transitions": {
    "open_door": {
      "preconditions": {
        "door_open": "false",
        "elevator_moving": "false"
      },
      "effects": {
        "door_open": "true"
      }
    },
    "close_door": {
      "preconditions": {
        "door_open": "true"
      },
      "effects": {
        "door_open": "false"
      }
    },
    "start_move": {
      "preconditions": {
        "door_open": "false"
      },
      "effects": {
        "elevator_moving": "true"
      }
    },
    "stop_move": {
      "preconditions": {
        "elevator_moving": "true"
      },
      "effects": {
        "elevator_moving": "false"
      }
    },
    "move_up": {
      "preconditions": {
        "elevator_moving": "true",
        "door_open": "false",
        "elevator_floor": "0"
      },
      "effects": {
        "elevator_floor": "1"
      }
    },
    "move_up_1_to_2": {
      "preconditions": {
        "elevator_moving": "true",
        "door_open": "false",
        "elevator_floor": "1"
      },
      "effects": {
        "elevator_floor": "2"
      }
    },
    "move_up_2_to_3": {
      "preconditions": {
        "elevator_moving": "true",
        "door_open": "false",
        "elevator_floor": "2"
      },
      "effects": {
        "elevator_floor": "3"
      }
    },
    "move_down_3_to_2": {
      "preconditions": {
        "elevator_moving": "true",
        "door_open": "false",
        "elevator_floor": "3"
      },
      "effects": {
        "elevator_floor": "2"
      }
    },
    "move_down_2_to_1": {
      "preconditions": {
        "elevator_moving": "true",
        "door_open": "false",
        "elevator_floor": "2"
      },
      "effects": {
        "elevator_floor": "1"
      }
    },
    "move_down_1_to_0": {
      "preconditions": {
        "elevator_moving": "true",
        "door_open": "false",
        "elevator_floor": "1"
      },
      "effects": {
        "elevator_floor": "0"
      }
    }
  },
  "init": {
    "door_open": "true",
    "elevator_moving": "false",
    "elevator_floor": "0"
  },
  "safety": [
    "~elevator_moving | ~door_open"
  ]
}

